Workbook

Sheet Sales_Data
A1: Customer_ID | B1: Product_ID | C1: Sales | D1: Gross Profit | E1: Date | F1: Month | G1: Quarter | H1: Year | I1: Country | J1: Customer Satisfaction Rating
A2: CUST_ID_001 | B2: PROD_ID_01 | C2: 43125 | D2: 1725 | E2: 44461 | F2: Sep | G2: Q3 | H2: 2021 | I2: USA | J2: Very Satisfied
A3: CUST_ID_002 | B3: PROD_ID_02 | C3: 8235 | D3: 2745 | E3: 44207 | F3: Jan | G3: Q1 | H3: 2021 | I3: Canada | J3: Very Satisfied
A4: CUST_ID_003 | B4: PROD_ID_02 | C4: 236400 | D4: 39400 | E4: 44588 | F4: Jan | G4: Q1 | H4: 2021 | I4: England | J4: Neutral
A5: CUST_ID_004 | B5: PROD_ID_02 | C5: 603750 | D5: 455250 | E5: 44409 | F5: Aug | G5: Q3 | H5: 2021 | I5: France | J5: Satisfied
A6: CUST_ID_005 | B6: PROD_ID_02 | C6: 10944 | D6: 8208 | E6: 44750 | F6: Jul | G6: Q3 | H6: 2021 | I6: Germany | J6: Satisfied
A7: CUST_ID_006 | B7: PROD_ID_02 | C7: 32280 | D7: 10760 | E7: 44832 | F7: Sep | G7: Q3 | H7: 2021 | I7: Italy | J7: Very Satisfied
A8: CUST_ID_007 | B8: PROD_ID_03 | C8: 43125 | D8: 1725 | E8: 44465 | F8: Sep | G8: Q3 | H8: 2021 | I8: India | J8: Satisfied
A9: CUST_ID_007 | B9: PROD_ID_03 | C9: 994875 | D9: 801725 | E9: 44465 | F9: Dec | G9: Q3 | H9: 2021 | I9: India | J9: Dissatisfied
A10: CUST_ID_008 | B10: PROD_ID_04 | C10: 534450 | D10: 137430 | E10: 44238 | F10: Feb | G10: Q1 | H10: 2021 | I10: Japan | J10: Very Satisfied
A11: CUST_ID_008 | B11: PROD_ID_04 | C11: 1000341 | D11: 837430 | E11: 44238 | F11: May | G11: Q1 | H11: 2021 | I11: Japan | J11: Very Satisfied
A12: CUST_ID_008 | B12: PROD_ID_04 | C12: 1104826 | D12: 937430 | E12: 44238 | F12: Nov | G12: Q1 | H12: 2021 | I12: Japan | J12: Dissatisfied
A13: CUST_ID_008 | B13: PROD_ID_04 | C13: 300000 | D13: 237430 | E13: 44238 | F13: Dec | G13: Q1 | H13: 2021 | I13: Japan | J13: Satisfied
... A183: CUST_ID_105 | B183: PROD_ID_04 | C183: 313862.5 | D183: 259382.5 | E183: 44249 | F183: Feb | G183: Q1 | H183: 2021 | I183: USA | J183: Satisfied

Sheet Pivot Table
A3: Sum of Sales | B3: Column Labels
A4: Months | B4: PROD_ID_01 | C4: PROD_ID_02 | D4: PROD_ID_03 | E4: PROD_ID_04 | F4: PROD_ID_05 | G4: PROD_ID_06 | J4: =B4 -> PROD_ID_01 | K4: =C4 -> PROD_ID_02 | L4: =D4 -> PROD_ID_03 | M4: =E4 -> PROD_ID_04 | N4: =F4 -> PROD_ID_05 | O4: =G4 -> PROD_ID_06
A5: Jan | B5: 313500 | C5: 695073.7 | D5: 1349502.5 | E5: 1155770.8 | F5: 87596.22 | G5: 455944.96 | J5: =GETPIVOTDATA("Sales",$A$3,"Product_ID","PROD_ID_01","Month",A5) -> 313500 | K5: =GETPIVOTDATA("Sales",$A$3,"Product_ID","PROD_ID_02","Month",A5) -> 695073.7 | L5: =GETPIVOTDATA("Sales",$A$3,"Product_ID","PROD_ID_03","Month",A5) -> 1349502.5 | M5: =GETPIVOTDATA("Sales",$A$3,"Product_ID","PROD_ID_04","Month",A5) -> 1155770.8 | N5: =GETPIVOTDATA("Sales",$A$3,"Product_ID","PROD_ID_05","Month",A5) -> 87596.22 | O5: =GETPIVOTDATA("Sales",$A$3,"Product_ID","PROD_ID_06","Month",A5) -> 455944.96
A6: Feb | B6: 82046.25 | C6: 680158.15 | D6: 241980.6 | E6: 1220376.5 | F6: 134007.64 | G6: 239183 | J6: =GETPIVOTDATA("Sales",$A$3,"Product_ID","PROD_ID_01","Month",A6) -> 82046.25 | K6: =GETPIVOTDATA("Sales",$A$3,"Product_ID","PROD_ID_02","Month",A6) -> 680158.15 | L6: =GETPIVOTDATA("Sales",$A$3,"Product_ID","PROD_ID_03","Month",A6) -> 241980.6 | M6: =GETPIVOTDATA("Sales",$A$3,"Product_ID","PROD_ID_04","Month",A6) -> 1220376.5 | N6: =GETPIVOTDATA("Sales",$A$3,"Product_ID","PROD_ID_05","Month",A6) -> 134007.64 | O6: =GETPIVOTDATA("Sales",$A$3,"Product_ID","PROD_ID_06","Month",A6) -> 239183
A7: Mar | B7: 399842.92 | C7: 75876.6 | D7: 341083.75 | E7: 739195 | F7: 134521.68 | G7: 31336.67 | J7: =GETPIVOTDATA("Sales",$A$3,"Product_ID","PROD_ID_01","Month",A7) -> 399842.92 | K7: =GETPIVOTDATA("Sales",$A$3,"Product_ID","PROD_ID_02","Month",A7) -> 75876.6 | L7: =GETPIVOTDATA("Sales",$A$3,"Product_ID","PROD_ID_03","Month",A7) -> 341083.75 | M7: =GETPIVOTDATA("Sales",$A$3,"Product_ID","PROD_ID_04","Month",A7) -> 739195 | N7: =GETPIVOTDATA("Sales",$A$3,"Product_ID","PROD_ID_05","Month",A7) -> 134521.68 | O7: =GETPIVOTDATA("Sales",$A$3,"Product_ID","PROD_ID_06","Month",A7) -> 31336.67
A8: Apr | B8: 653583.75 | C8: 451276.54 | D8: 810136 | E8: 28299.75 | F8: 224462.66 | G8: 700534 | J8: =GETPIVOTDATA("Sales",$A$3,"Product_ID","PROD_ID_01","Month",A8) -> 653583.75 | K8: =GETPIVOTDATA("Sales",$A$3,"Product_ID","PROD_ID_02","Month",A8) -> 451276.54 | L8: =GETPIVOTDATA("Sales",$A$3,"Product_ID","PROD_ID_03","Month",A8) -> 810136 | M8: =GETPIVOTDATA("Sales",$A$3,"Product_ID","PROD_ID_04","Month",A8) -> 28299.75 | N8: =GETPIVOTDATA("Sales",$A$3,"Product_ID","PROD_ID_05","Month",A8) -> 224462.66 | O8: =GETPIVOTDATA("Sales",$A$3,"Product_ID","PROD_ID_06","Month",A8) -> 700534
A9: May | B9: 643113.1 | C9: 710725.29 | D9: 355258.8 | E9: 1000341 | F9: 136756.4 | G9: 813091 | J9: =GETPIVOTDATA("Sales",$A$3,"Product_ID","PROD_ID_01","Month",A9) -> 643113.1 | K9: =GETPIVOTDATA("Sales",$A$3,"Product_ID","PROD_ID_02","Month",A9) -> 710725.29 | L9: =GETPIVOTDATA("Sales",$A$3,"Product_ID","PROD_ID_03","Month",A9) -> 355258.8 | M9: =GETPIVOTDATA("Sales",$A$3,"Product_ID","PROD_ID_04","Month",A9) -> 1000341 | N9: =GETPIVOTDATA("Sales",$A$3,"Product_ID","PROD_ID_05","Month",A9) -> 136756.4 | O9: =GETPIVOTDATA("Sales",$A$3,"Product_ID","PROD_ID_06","Month",A9) -> 813091
A10: Jun | B10: 87906 | C10: 909680.39 | D10: 707173.2 | E10: 853121.4 | F10: 148035.92 | G10: 115552.5 | J10: =GETPIVOTDATA("Sales",$A$3,"Product_ID","PROD_ID_01","Month",A10) -> 87906 | K10: =GETPIVOTDATA("Sales",$A$3,"Product_ID","PROD_ID_02","Month",A10) -> 909680.39 | L10: =GETPIVOTDATA("Sales",$A$3,"Product_ID","PROD_ID_03","Month",A10) -> 707173.2 | M10: =GETPIVOTDATA("Sales",$A$3,"Product_ID","PROD_ID_04","Month",A10) -> 853121.4 | N10: =GETPIVOTDATA("Sales",$A$3,"Product_ID","PROD_ID_05","Month",A10) -> 148035.92 | O10: =GETPIVOTDATA("Sales",$A$3,"Product_ID","PROD_ID_06","Month",A10) -> 115552.5
A11: Jul | B11: 332262.72 | C11: 117848.48 | D11: 33406.6 | E11: 848953.68 | F11: 303257.5 | G11: 1022104.8 | J11: =GETPIVOTDATA("Sales",$A$3,"Product_ID","PROD_ID_01","Month",A11) -> 332262.72 | K11: =GETPIVOTDATA("Sales",$A$3,"Product_ID","PROD_ID_02","Month",A11) -> 117848.48 | L11: =GETPIVOTDATA("Sales",$A$3,"Product_ID","PROD_ID_03","Month",A11) -> 33406.6 | M11: =GETPIVOTDATA("Sales",$A$3,"Product_ID","PROD_ID_04","Month",A11) -> 848953.68 | N11: =GETPIVOTDATA("Sales",$A$3,"Product_ID","PROD_ID_05","Month",A11) -> 303257.5 | O11: =GETPIVOTDATA("Sales",$A$3,"Product_ID","PROD_ID_06","Month",A11) -> 1022104.8
A12: Aug | B12: 361815.35 | C12: 636781.6 | D12: 679905 | E12: 373576.5 | F12: 171307.3 | G12: 717039.3 | J12: =GETPIVOTDATA("Sales",$A$3,"Product_ID","PROD_ID_01","Month",A12) -> 361815.35 | K12: =GETPIVOTDATA("Sales",$A$3,"Product_ID","PROD_ID_02","Month",A12) -> 636781.6 | L12: =GETPIVOTDATA("Sales",$A$3,"Product_ID","PROD_ID_03","Month",A12) -> 679905 | M12: =GETPIVOTDATA("Sales",$A$3,"Product_ID","PROD_ID_04","Month",A12) -> 373576.5 | N12: =GETPIVOTDATA("Sales",$A$3,"Product_ID","PROD_ID_05","Month",A12) -> 171307.3 | O12: =GETPIVOTDATA("Sales",$A$3,"Product_ID","PROD_ID_06","Month",A12) -> 717039.3
A13: Sep | B13: 52356.74 | C13: 749363.3 | D13: 1380417 | E13: 78192.6 | F13: 500000 | G13: 9231.74 | J13: =GETPIVOTDATA("Sales",$A$3,"Product_ID","PROD_ID_01","Month",A13) -> 52356.74 | K13: =GETPIVOTDATA("Sales",$A$3,"Product_ID","PROD_ID_02","Month",A13) -> 749363.3 | L13: =GETPIVOTDATA("Sales",$A$3,"Product_ID","PROD_ID_03","Month",A13) -> 1380417 | M13: =GETPIVOTDATA("Sales",$A$3,"Product_ID","PROD_ID_04","Month",A13) -> 78192.6 | N13: =GETPIVOTDATA("Sales",$A$3,"Product_ID","PROD_ID_05","Month",A13) -> 500000 | O13: =GETPIVOTDATA("Sales",$A$3,"Product_ID","PROD_ID_06","Month",A13) -> 9231.74
A14: Oct | B14: 203350 | C14: 721196 | D14: 92797.81 | E14: 113941 | F14: 44714.7 | G14: 259836.85 | J14: =GETPIVOTDATA("Sales",$A$3,"Product_ID","PROD_ID_01","Month",A14) -> 203350 | K14: =GETPIVOTDATA("Sales",$A$3,"Product_ID","PROD_ID_02","Month",A14) -> 721196 | L14: =GETPIVOTDATA("Sales",$A$3,"Product_ID","PROD_ID_03","Month",A14) -> 92797.81 | M14: =GETPIVOTDATA("Sales",$A$3,"Product_ID","PROD_ID_04","Month",A14) -> 113941 | N14: =GETPIVOTDATA("Sales",$A$3,"Product_ID","PROD_ID_05","Month",A14) -> 44714.7 | O14: =GETPIVOTDATA("Sales",$A$3,"Product_ID","PROD_ID_06","Month",A14) -> 259836.85
A15: Nov | B15: 20658.61 | C15: 27464.36 | D15: 205638.5 | E15: 1104826 | F15: 412478 | G15: 37861.06 | J15: =GETPIVOTDATA("Sales",$A$3,"Product_ID","PROD_ID_01","Month",A15) -> 20658.61 | K15: =GETPIVOTDATA("Sales",$A$3,"Product_ID","PROD_ID_02","Month",A15) -> 27464.36 | L15: =GETPIVOTDATA("Sales",$A$3,"Product_ID","PROD_ID_03","Month",A15) -> 205638.5 | M15: =GETPIVOTDATA("Sales",$A$3,"Product_ID","PROD_ID_04","Month",A15) -> 1104826 | N15: =GETPIVOTDATA("Sales",$A$3,"Product_ID","PROD_ID_05","Month",A15) -> 412478 | O15: =GETPIVOTDATA("Sales",$A$3,"Product_ID","PROD_ID_06","Month",A15) -> 37861.06
A16: Dec | B16: 825347.6 | C16: 139302.68 | D16: 994875 | E16: 300000 | F16: 39727.84 | G16: 631041.6 | J16: =GETPIVOTDATA("Sales",$A$3,"Product_ID","PROD_ID_01","Month",A16) -> 825347.6 | K16: =GETPIVOTDATA("Sales",$A$3,"Product_ID","PROD_ID_02","Month",A16) -> 139302.68 | L16: =GETPIVOTDATA("Sales",$A$3,"Product_ID","PROD_ID_03","Month",A16) -> 994875 | M16: =GETPIVOTDATA("Sales",$A$3,"Product_ID","PROD_ID_04","Month",A16) -> 300000 | N16: =GETPIVOTDATA("Sales",$A$3,"Product_ID","PROD_ID_05","Month",A16) -> 39727.84 | O16: =GETPIVOTDATA("Sales",$A$3,"Product_ID","PROD_ID_06","Month",A16) -> 631041.6
A20: Months | B20: Sum of Sales | C20: Sum of Gross Profit | D20: Gross Profit Margin(GPM) | E20: 1-GPM
A21: PROD_ID_01 | B21: 3975783 | C21: 1590308 | D21: =GETPIVOTDATA("Sum of Gross Profit",$A$20,"Product_ID","PROD_ID_01")/GETPIVOTDATA("Sum of Sales",$A$20,"Product_ID","PROD_ID_01") -> 0.3999987 | E21: =1-D21 -> 0.6000013
A22: PROD_ID_02 | B22: 5914747.1 | C22: 2957373.1 | D22: =GETPIVOTDATA("Sum of Gross Profit",$A$20,"Product_ID","PROD_ID_02")/GETPIVOTDATA("Sum of Sales",$A$20,"Product_ID","PROD_ID_02") -> 0.49999992 | E22: =1-D22 -> 0.50000008
A23: PROD_ID_03 | B23: 7192174.8 | C23: 4315304.8 | D23: =GETPIVOTDATA("Sum of Gross Profit",$A$20,"Product_ID","PROD_ID_03")/GETPIVOTDATA("Sum of Sales",$A$20,"Product_ID","PROD_ID_03") -> 0.59999999 | E23: =1-D23 -> 0.40000001
A24: PROD_ID_04 | B24: 7816594.2 | C24: 5471616.2 | D24: =GETPIVOTDATA("Sum of Gross Profit",$A$20,"Product_ID","PROD_ID_04")/GETPIVOTDATA("Sum of Sales",$A$20,"Product_ID","PROD_ID_04") -> 0.70000003 | E24: =1-D24 -> 0.29999997
A25: PROD_ID_05 | B25: 2336865.9 | C25: 1752649.9 | D25: =GETPIVOTDATA("Sum of Gross Profit",$A$20,"Product_ID","PROD_ID_05")/GETPIVOTDATA("Sum of Sales",$A$20,"Product_ID","PROD_ID_05") -> 0.7500002 | E25: =1-D25 -> 0.2499998
A26: PROD_ID_06 | B26: 5032757.5 | C26: 4026206.2 | D26: =GETPIVOTDATA("Sum of Gross Profit",$A$20,"Product_ID","PROD_ID_06")/GETPIVOTDATA("Sum of Sales",$A$20,"Product_ID","PROD_ID_06") -> 0.80000004 | E26: =1-D26 -> 0.19999996
A33: Count of Customer Satisfaction Rating | B33: Column Labels
A34: Months | B34: Dissatisfied | C34: Neutral | D34: Satisfied | E34: Very Dissatisfied | F34: Very Satisfied
A35: PROD_ID_01 | B35: 0.083333333 | C35: 0.11111111 | D35: 0.16666667 | E35: 0.1 | F35: 0.12698413
A36: PROD_ID_02 | B36: 0.33333333 | C36: 0.2962963 | D36: 0.25 | E36: 0.3 | F36: 0.26984127
A37: PROD_ID_03 | B37: 0.083333333 | C37: 0.22222222 | D37: 0.125 | E37: 0.15 | F37: 0.17460317
A38: PROD_ID_04 | B38: 0.16666667 | C38: 0.11111111 | D38: 0.1875 | E38: 0.1 | F38: 0.20634921
A39: PROD_ID_05 | B39: 0.20833333 | C39: 0.14814815 | D39: 0.125 | E39: 0.1 | F39: 0.11111111
A40: PROD_ID_06 | B40: 0.125 | C40: 0.11111111 | D40: 0.14583333 | E40: 0.25 | F40: 0.11111111

Sheet Dashboard
C25: ='Pivot Table'!J4 -> PROD_ID_01 | D25: ='Pivot Table'!K4 -> PROD_ID_02 | E25: ='Pivot Table'!L4 -> PROD_ID_03 | F25: ='Pivot Table'!M4 -> PROD_ID_04 | G25: ='Pivot Table'!N4 -> PROD_ID_05 | H25: ='Pivot Table'!O4 -> PROD_ID_06 | K25: Profit_ID_01 has the lowest Profit Margin
B26: Mean Sales | C26: =AVERAGE('Pivot Table'!J5:J16) -> 331315.25 | D26: =AVERAGE('Pivot Table'!K5:K16) -> 492895.59 | E26: =AVERAGE('Pivot Table'!L5:L16) -> 599347.9 | F26: =AVERAGE('Pivot Table'!M5:M16) -> 651382.85 | G26: =AVERAGE('Pivot Table'!N5:N16) -> 194738.82 | H26: =AVERAGE('Pivot Table'!O5:O16) -> 419396.46 | K26: Profit_ID_06 has the highest Profit Margin
B27: Median Sales | C27: =MEDIAN('Pivot Table'!J5:J16) -> 322881.36 | D27: =MEDIAN('Pivot Table'!K5:K16) -> 658469.88 | E27: =MEDIAN('Pivot Table'!L5:L16) -> 517581.9 | F27: =MEDIAN('Pivot Table'!M5:M16) -> 794074.34 | G27: =MEDIAN('Pivot Table'!N5:N16) -> 142396.16 | H27: =MEDIAN('Pivot Table'!O5:O16) -> 357890.9
B28: Max Sales | C28: =MAX('Pivot Table'!J5:J16) -> 825347.6 | D28: =MAX('Pivot Table'!K5:K16) -> 909680.39 | E28: =MAX('Pivot Table'!L5:L16) -> 1380417 | F28: =MAX('Pivot Table'!M5:M16) -> 1220376.5 | G28: =MAX('Pivot Table'!N5:N16) -> 500000 | H28: =MAX('Pivot Table'!O5:O16) -> 1022104.8
B29: Min Sales | C29: =MIN('Pivot Table'!J5:J16) -> 20658.61 | D29: =MIN('Pivot Table'!K5:K16) -> 27464.36 | E29: =MIN('Pivot Table'!L5:L16) -> 33406.6 | F29: =MIN('Pivot Table'!M5:M16) -> 28299.75 | G29: =MIN('Pivot Table'!N5:N16) -> 39727.84 | H29: =MIN('Pivot Table'!O5:O16) -> 9231.74
B30: Quartile 1 | C30: =_xlfn.QUARTILE.EXC('Pivot Table'!J5:J16,1) -> 83511.188 | D30: =_xlfn.QUARTILE.EXC('Pivot Table'!K5:K16,1) -> 123212.03 | E30: =_xlfn.QUARTILE.EXC('Pivot Table'!L5:L16,1) -> 214724.02 | F30: =_xlfn.QUARTILE.EXC('Pivot Table'!M5:M16,1) -> 160455.75 | G30: =_xlfn.QUARTILE.EXC('Pivot Table'!N5:N16,1) -> 99199.075 | H30: =_xlfn.QUARTILE.EXC('Pivot Table'!O5:O16,1) -> 57283.92
B31: Quartile 3 | C31: =_xlfn.QUARTILE.EXC('Pivot Table'!J5:J16,3) -> 582295.55 | D31: =_xlfn.QUARTILE.EXC('Pivot Table'!K5:K16,3) -> 718578.32 | E31: =_xlfn.QUARTILE.EXC('Pivot Table'!L5:L16,3) -> 948690.25 | F31: =_xlfn.QUARTILE.EXC('Pivot Table'!M5:M16,3) -> 1078704.8 | G31: =_xlfn.QUARTILE.EXC('Pivot Table'!N5:N16,3) -> 283558.79 | H31: =_xlfn.QUARTILE.EXC('Pivot Table'!O5:O16,3) -> 712912.98
